target,series,experiment,checkpoint,epoch,step,size_mib,evaluation_status,path
Duke,duke_swin_plain_local_partial,Duke plain Swin local partial,model_epoch_004_step_02206,4,2206,835.3,passed,experiments/reid/duke/results_plain/train/model_epoch_004_step_02206.pth
Duke,duke_swin_unfiltered_synthetic,Duke + synthetic Swin,model_epoch_009_step_05566,9,5566,835.3,passed,experiments/reid/duke+syntetic/results_swin_working_lowbatch/train/model_epoch_009_step_05566.pth
Duke,duke_swin_unfiltered_synthetic,Duke + synthetic Swin,model_epoch_019_step_11134,19,11134,835.3,passed,experiments/reid/duke+syntetic/results_swin_working_lowbatch/train/model_epoch_019_step_11134.pth
Duke,duke_swin_unfiltered_synthetic,Duke + synthetic Swin,model_epoch_029_step_16701,29,16701,835.3,passed,experiments/reid/duke+syntetic/results_swin_working_lowbatch/train/model_epoch_029_step_16701.pth
Duke,duke_swin_unfiltered_synthetic,Duke + synthetic Swin,model_epoch_039_step_22270,39,22270,835.3,passed,experiments/reid/duke+syntetic/results_swin_working_lowbatch/train/model_epoch_039_step_22270.pth
Duke,duke_swin_unfiltered_synthetic,Duke + synthetic Swin,model_epoch_049_step_27833,49,27833,835.3,passed,experiments/reid/duke+syntetic/results_swin_working_lowbatch/train/model_epoch_049_step_27833.pth
Duke,duke_swin_unfiltered_synthetic,Duke + synthetic Swin,model_epoch_059_step_33396,59,33396,835.3,passed,experiments/reid/duke+syntetic/results_swin_working_lowbatch/train/model_epoch_059_step_33396.pth
Duke,duke_swin_unfiltered_synthetic,Duke + synthetic Swin,model_epoch_069_step_38962,69,38962,835.3,passed,experiments/reid/duke+syntetic/results_swin_working_lowbatch/train/model_epoch_069_step_38962.pth
Duke,duke_swin_unfiltered_synthetic,Duke + synthetic Swin,model_epoch_079_step_44521,79,44521,835.3,passed,experiments/reid/duke+syntetic/results_swin_working_lowbatch/train/model_epoch_079_step_44521.pth
Duke,duke_swin_unfiltered_synthetic,Duke + synthetic Swin,model_epoch_089_step_50084,89,50084,835.3,passed,experiments/reid/duke+syntetic/results_swin_working_lowbatch/train/model_epoch_089_step_50084.pth
Duke,duke_swin_unfiltered_synthetic,Duke + synthetic Swin,model_epoch_099_step_55641,99,55641,835.3,passed,experiments/reid/duke+syntetic/results_swin_working_lowbatch/train/model_epoch_099_step_55641.pth
Duke,duke_swin_unfiltered_synthetic,Duke + synthetic Swin,model_epoch_109_step_61202,109,61202,835.3,passed,experiments/reid/duke+syntetic/results_swin_working_lowbatch/train/model_epoch_109_step_61202.pth
Duke,duke_swin_unfiltered_synthetic,Duke + synthetic Swin,model_epoch_119_step_66761,119,66761,835.3,passed,experiments/reid/duke+syntetic/results_swin_working_lowbatch/train/model_epoch_119_step_66761.pth
Duke,duke_swin_unfiltered_synthetic,Duke + synthetic Swin,model_epoch_129_step_72328,129,72328,835.3,passed,experiments/reid/duke+syntetic/results_swin_working_lowbatch/train/model_epoch_129_step_72328.pth
Duke,duke_swin_unfiltered_synthetic,Duke + synthetic Swin,model_epoch_139_step_77890,139,77890,835.3,passed,experiments/reid/duke+syntetic/results_swin_working_lowbatch/train/model_epoch_139_step_77890.pth
Duke,duke_swin_unfiltered_synthetic,Duke + synthetic Swin,model_epoch_149_step_83456,149,83456,835.3,passed,experiments/reid/duke+syntetic/results_swin_working_lowbatch/train/model_epoch_149_step_83456.pth
Duke,duke_swin_unfiltered_synthetic,Duke + synthetic Swin,model_epoch_159_step_89021,159,89021,835.3,passed,experiments/reid/duke+syntetic/results_swin_working_lowbatch/train/model_epoch_159_step_89021.pth
Duke,duke_swin_unfiltered_synthetic,Duke + synthetic Swin,model_epoch_169_step_94588,169,94588,835.3,passed,experiments/reid/duke+syntetic/results_swin_working_lowbatch/train/model_epoch_169_step_94588.pth
Duke,duke_swin_unfiltered_synthetic,Duke + synthetic Swin,model_epoch_179_step_100150,179,100150,835.3,passed,experiments/reid/duke+syntetic/results_swin_working_lowbatch/train/model_epoch_179_step_100150.pth
Duke,duke_swin_unfiltered_synthetic,Duke + synthetic Swin,model_epoch_189_step_105716,189,105716,835.3,passed,experiments/reid/duke+syntetic/results_swin_working_lowbatch/train/model_epoch_189_step_105716.pth
Duke,duke_swin_unfiltered_synthetic,Duke + synthetic Swin,model_epoch_199_step_111283,199,111283,835.3,passed,experiments/reid/duke+syntetic/results_swin_working_lowbatch/train/model_epoch_199_step_111283.pth
Duke,duke_filtered_synthetic_3_variants,Duke + filtered synthetic Swin,model_epoch_009_step_04327,9,4327,835.7,passed,experiments/reid/duke_syntetic_filtered_seq/results/duke_filtered_syntetic/train/model_epoch_009_step_04327.pth
Duke,duke_filtered_synthetic_3_variants,Duke + filtered synthetic Swin,model_epoch_019_step_08660,19,8660,835.7,passed,experiments/reid/duke_syntetic_filtered_seq/results/duke_filtered_syntetic/train/model_epoch_019_step_08660.pth
Duke,duke_filtered_synthetic_3_variants,Duke + filtered synthetic Swin,model_epoch_029_step_12985,29,12985,835.7,passed,experiments/reid/duke_syntetic_filtered_seq/results/duke_filtered_syntetic/train/model_epoch_029_step_12985.pth
Duke,duke_filtered_synthetic_3_variants,Duke + filtered synthetic Swin,model_epoch_039_step_17318,39,17318,835.7,passed,experiments/reid/duke_syntetic_filtered_seq/results/duke_filtered_syntetic/train/model_epoch_039_step_17318.pth
Duke,duke_filtered_synthetic_3_variants,Duke + filtered synthetic Swin,model_epoch_049_step_21654,49,21654,835.7,passed,experiments/reid/duke_syntetic_filtered_seq/results/duke_filtered_syntetic/train/model_epoch_049_step_21654.pth
Duke,duke_filtered_synthetic_3_variants,Duke + filtered synthetic Swin,model_epoch_059_step_25970,59,25970,835.7,passed,experiments/reid/duke_syntetic_filtered_seq/results/duke_filtered_syntetic/train/model_epoch_059_step_25970.pth
Duke,duke_filtered_synthetic_3_variants,Duke + filtered synthetic Swin,model_epoch_069_step_30310,69,30310,835.6,passed,experiments/reid/duke_syntetic_filtered_seq/results/duke_filtered_syntetic/train/model_epoch_069_step_30310.pth
Duke,duke_filtered_synthetic_3_variants,Duke + filtered synthetic Swin,model_epoch_079_step_34658,79,34658,835.7,passed,experiments/reid/duke_syntetic_filtered_seq/results/duke_filtered_syntetic/train/model_epoch_079_step_34658.pth
Duke,duke_filtered_synthetic_3_variants,Duke + filtered synthetic Swin,model_epoch_089_step_38996,89,38996,835.7,passed,experiments/reid/duke_syntetic_filtered_seq/results/duke_filtered_syntetic/train/model_epoch_089_step_38996.pth
Duke,duke_filtered_synthetic_3_variants,Duke + filtered synthetic Swin,model_epoch_099_step_43340,99,43340,835.7,passed,experiments/reid/duke_syntetic_filtered_seq/results/duke_filtered_syntetic/train/model_epoch_099_step_43340.pth
Duke,duke_filtered_synthetic_3_variants,Duke + filtered synthetic Swin,model_epoch_109_step_47673,109,47673,835.7,passed,experiments/reid/duke_syntetic_filtered_seq/results/duke_filtered_syntetic/train/model_epoch_109_step_47673.pth
Duke,duke_filtered_synthetic_3_variants,Duke + filtered synthetic Swin,model_epoch_119_step_52003,119,52003,835.7,passed,experiments/reid/duke_syntetic_filtered_seq/results/duke_filtered_syntetic/train/model_epoch_119_step_52003.pth
Duke,duke_filtered_synthetic_3_variants,Duke + filtered synthetic Swin,model_epoch_129_step_56349,129,56349,835.7,passed,experiments/reid/duke_syntetic_filtered_seq/results/duke_filtered_syntetic/train/model_epoch_129_step_56349.pth
Duke,duke_filtered_synthetic_3_variants,Duke + filtered synthetic Swin,model_epoch_139_step_60691,139,60691,835.7,passed,experiments/reid/duke_syntetic_filtered_seq/results/duke_filtered_syntetic/train/model_epoch_139_step_60691.pth
Duke,duke_filtered_synthetic_3_variants,Duke + filtered synthetic Swin,model_epoch_149_step_65017,149,65017,835.7,passed,experiments/reid/duke_syntetic_filtered_seq/results/duke_filtered_syntetic/train/model_epoch_149_step_65017.pth
Duke,duke_filtered_synthetic_3_variants,Duke + filtered synthetic Swin,model_epoch_159_step_69359,159,69359,835.7,passed,experiments/reid/duke_syntetic_filtered_seq/results/duke_filtered_syntetic/train/model_epoch_159_step_69359.pth
Duke,duke_filtered_synthetic_3_variants,Duke + filtered synthetic Swin,model_epoch_169_step_73692,169,73692,835.7,passed,experiments/reid/duke_syntetic_filtered_seq/results/duke_filtered_syntetic/train/model_epoch_169_step_73692.pth
Duke,duke_filtered_synthetic_3_variants,Duke + filtered synthetic Swin,model_epoch_179_step_78016,179,78016,835.7,passed,experiments/reid/duke_syntetic_filtered_seq/results/duke_filtered_syntetic/train/model_epoch_179_step_78016.pth
Duke,duke_filtered_synthetic_3_variants,Duke + filtered synthetic Swin,model_epoch_189_step_82366,189,82366,835.7,passed,experiments/reid/duke_syntetic_filtered_seq/results/duke_filtered_syntetic/train/model_epoch_189_step_82366.pth
Duke,duke_filtered_synthetic_3_variants,Duke + filtered synthetic Swin,model_epoch_199_step_86706,199,86706,835.7,passed,experiments/reid/duke_syntetic_filtered_seq/results/duke_filtered_syntetic/train/model_epoch_199_step_86706.pth
Duke,generalized_reid_duke_raw,Generalized Swin on Duke (raw),model_epoch_009_step_29073,9,29073,837.0,passed,experiments/reid/generalized_reid_swin/results/generalized_swin/train/model_epoch_009_step_29073.pth
LTCC,generalized_reid_ltcc_raw,Generalized Swin on LTCC (raw),model_epoch_009_step_29073,9,29073,837.0,passed,experiments/reid/generalized_reid_swin/results/generalized_swin/train/model_epoch_009_step_29073.pth
PRCC,generalized_reid_prcc_raw,Generalized Swin on PRCC (raw),model_epoch_009_step_29073,9,29073,837.0,passed,experiments/reid/generalized_reid_swin/results/generalized_swin/train/model_epoch_009_step_29073.pth
Combined stress,generalized_reid_combined_stress_raw,Generalized Swin combined stress (raw),model_epoch_009_step_29073,9,29073,837.0,passed,experiments/reid/generalized_reid_swin/results/generalized_swin/train/model_epoch_009_step_29073.pth
Duke,generalized_reid_duke_raw,Generalized Swin on Duke (raw),model_epoch_019_step_58078,19,58078,837.0,passed,experiments/reid/generalized_reid_swin/results/generalized_swin/train/model_epoch_019_step_58078.pth
LTCC,generalized_reid_ltcc_raw,Generalized Swin on LTCC (raw),model_epoch_019_step_58078,19,58078,837.0,passed,experiments/reid/generalized_reid_swin/results/generalized_swin/train/model_epoch_019_step_58078.pth
PRCC,generalized_reid_prcc_raw,Generalized Swin on PRCC (raw),model_epoch_019_step_58078,19,58078,837.0,passed,experiments/reid/generalized_reid_swin/results/generalized_swin/train/model_epoch_019_step_58078.pth
Combined stress,generalized_reid_combined_stress_raw,Generalized Swin combined stress (raw),model_epoch_019_step_58078,19,58078,837.0,passed,experiments/reid/generalized_reid_swin/results/generalized_swin/train/model_epoch_019_step_58078.pth
Duke,generalized_reid_duke_raw,Generalized Swin on Duke (raw),model_epoch_029_step_87117,29,87117,837.0,passed,experiments/reid/generalized_reid_swin/results/generalized_swin/train/model_epoch_029_step_87117.pth
LTCC,generalized_reid_ltcc_raw,Generalized Swin on LTCC (raw),model_epoch_029_step_87117,29,87117,837.0,passed,experiments/reid/generalized_reid_swin/results/generalized_swin/train/model_epoch_029_step_87117.pth
PRCC,generalized_reid_prcc_raw,Generalized Swin on PRCC (raw),model_epoch_029_step_87117,29,87117,837.0,passed,experiments/reid/generalized_reid_swin/results/generalized_swin/train/model_epoch_029_step_87117.pth
Combined stress,generalized_reid_combined_stress_raw,Generalized Swin combined stress (raw),model_epoch_029_step_87117,29,87117,837.0,passed,experiments/reid/generalized_reid_swin/results/generalized_swin/train/model_epoch_029_step_87117.pth
Duke,generalized_reid_duke_raw,Generalized Swin on Duke (raw),model_epoch_039_step_116118,39,116118,837.0,passed,experiments/reid/generalized_reid_swin/results/generalized_swin/train/model_epoch_039_step_116118.pth
LTCC,generalized_reid_ltcc_raw,Generalized Swin on LTCC (raw),model_epoch_039_step_116118,39,116118,837.0,passed,experiments/reid/generalized_reid_swin/results/generalized_swin/train/model_epoch_039_step_116118.pth
PRCC,generalized_reid_prcc_raw,Generalized Swin on PRCC (raw),model_epoch_039_step_116118,39,116118,837.0,passed,experiments/reid/generalized_reid_swin/results/generalized_swin/train/model_epoch_039_step_116118.pth
Combined stress,generalized_reid_combined_stress_raw,Generalized Swin combined stress (raw),model_epoch_039_step_116118,39,116118,837.0,passed,experiments/reid/generalized_reid_swin/results/generalized_swin/train/model_epoch_039_step_116118.pth
Duke,generalized_reid_duke_raw,Generalized Swin on Duke (raw),model_epoch_049_step_145132,49,145132,836.9,passed,experiments/reid/generalized_reid_swin/results/generalized_swin/train/model_epoch_049_step_145132.pth
LTCC,generalized_reid_ltcc_raw,Generalized Swin on LTCC (raw),model_epoch_049_step_145132,49,145132,836.9,passed,experiments/reid/generalized_reid_swin/results/generalized_swin/train/model_epoch_049_step_145132.pth
PRCC,generalized_reid_prcc_raw,Generalized Swin on PRCC (raw),model_epoch_049_step_145132,49,145132,836.9,passed,experiments/reid/generalized_reid_swin/results/generalized_swin/train/model_epoch_049_step_145132.pth
Combined stress,generalized_reid_combined_stress_raw,Generalized Swin combined stress (raw),model_epoch_049_step_145132,49,145132,836.9,passed,experiments/reid/generalized_reid_swin/results/generalized_swin/train/model_epoch_049_step_145132.pth
Duke,generalized_reid_duke_raw,Generalized Swin on Duke (raw),model_epoch_059_step_174216,59,174216,837.0,passed,experiments/reid/generalized_reid_swin/results/generalized_swin/train/model_epoch_059_step_174216.pth
LTCC,generalized_reid_ltcc_raw,Generalized Swin on LTCC (raw),model_epoch_059_step_174216,59,174216,837.0,passed,experiments/reid/generalized_reid_swin/results/generalized_swin/train/model_epoch_059_step_174216.pth
PRCC,generalized_reid_prcc_raw,Generalized Swin on PRCC (raw),model_epoch_059_step_174216,59,174216,837.0,passed,experiments/reid/generalized_reid_swin/results/generalized_swin/train/model_epoch_059_step_174216.pth
Combined stress,generalized_reid_combined_stress_raw,Generalized Swin combined stress (raw),model_epoch_059_step_174216,59,174216,837.0,passed,experiments/reid/generalized_reid_swin/results/generalized_swin/train/model_epoch_059_step_174216.pth
Duke,generalized_reid_duke_raw,Generalized Swin on Duke (raw),model_epoch_069_step_203291,69,203291,836.9,passed,experiments/reid/generalized_reid_swin/results/generalized_swin/train/model_epoch_069_step_203291.pth
LTCC,generalized_reid_ltcc_raw,Generalized Swin on LTCC (raw),model_epoch_069_step_203291,69,203291,836.9,passed,experiments/reid/generalized_reid_swin/results/generalized_swin/train/model_epoch_069_step_203291.pth
PRCC,generalized_reid_prcc_raw,Generalized Swin on PRCC (raw),model_epoch_069_step_203291,69,203291,836.9,passed,experiments/reid/generalized_reid_swin/results/generalized_swin/train/model_epoch_069_step_203291.pth
Combined stress,generalized_reid_combined_stress_raw,Generalized Swin combined stress (raw),model_epoch_069_step_203291,69,203291,836.9,passed,experiments/reid/generalized_reid_swin/results/generalized_swin/train/model_epoch_069_step_203291.pth
Duke,generalized_reid_duke_raw,Generalized Swin on Duke (raw),model_epoch_079_step_232299,79,232299,836.9,passed,experiments/reid/generalized_reid_swin/results/generalized_swin/train/model_epoch_079_step_232299.pth
LTCC,generalized_reid_ltcc_raw,Generalized Swin on LTCC (raw),model_epoch_079_step_232299,79,232299,836.9,passed,experiments/reid/generalized_reid_swin/results/generalized_swin/train/model_epoch_079_step_232299.pth
PRCC,generalized_reid_prcc_raw,Generalized Swin on PRCC (raw),model_epoch_079_step_232299,79,232299,836.9,passed,experiments/reid/generalized_reid_swin/results/generalized_swin/train/model_epoch_079_step_232299.pth
Combined stress,generalized_reid_combined_stress_raw,Generalized Swin combined stress (raw),model_epoch_079_step_232299,79,232299,836.9,passed,experiments/reid/generalized_reid_swin/results/generalized_swin/train/model_epoch_079_step_232299.pth
Duke,generalized_reid_duke_raw,Generalized Swin on Duke (raw),model_epoch_089_step_261419,89,261419,837.0,passed,experiments/reid/generalized_reid_swin/results/generalized_swin/train/model_epoch_089_step_261419.pth
LTCC,generalized_reid_ltcc_raw,Generalized Swin on LTCC (raw),model_epoch_089_step_261419,89,261419,837.0,passed,experiments/reid/generalized_reid_swin/results/generalized_swin/train/model_epoch_089_step_261419.pth
PRCC,generalized_reid_prcc_raw,Generalized Swin on PRCC (raw),model_epoch_089_step_261419,89,261419,837.0,passed,experiments/reid/generalized_reid_swin/results/generalized_swin/train/model_epoch_089_step_261419.pth
Combined stress,generalized_reid_combined_stress_raw,Generalized Swin combined stress (raw),model_epoch_089_step_261419,89,261419,837.0,passed,experiments/reid/generalized_reid_swin/results/generalized_swin/train/model_epoch_089_step_261419.pth
Duke,generalized_reid_duke_raw,Generalized Swin on Duke (raw),model_epoch_099_step_290419,99,290419,836.9,passed,experiments/reid/generalized_reid_swin/results/generalized_swin/train/model_epoch_099_step_290419.pth
LTCC,generalized_reid_ltcc_raw,Generalized Swin on LTCC (raw),model_epoch_099_step_290419,99,290419,836.9,passed,experiments/reid/generalized_reid_swin/results/generalized_swin/train/model_epoch_099_step_290419.pth
PRCC,generalized_reid_prcc_raw,Generalized Swin on PRCC (raw),model_epoch_099_step_290419,99,290419,836.9,passed,experiments/reid/generalized_reid_swin/results/generalized_swin/train/model_epoch_099_step_290419.pth
Combined stress,generalized_reid_combined_stress_raw,Generalized Swin combined stress (raw),model_epoch_099_step_290419,99,290419,836.9,passed,experiments/reid/generalized_reid_swin/results/generalized_swin/train/model_epoch_099_step_290419.pth
Duke,generalized_reid_duke_raw,Generalized Swin on Duke (raw),model_epoch_109_step_319465,109,319465,836.9,passed,experiments/reid/generalized_reid_swin/results/generalized_swin/train/model_epoch_109_step_319465.pth
LTCC,generalized_reid_ltcc_raw,Generalized Swin on LTCC (raw),model_epoch_109_step_319465,109,319465,836.9,passed,experiments/reid/generalized_reid_swin/results/generalized_swin/train/model_epoch_109_step_319465.pth
PRCC,generalized_reid_prcc_raw,Generalized Swin on PRCC (raw),model_epoch_109_step_319465,109,319465,836.9,passed,experiments/reid/generalized_reid_swin/results/generalized_swin/train/model_epoch_109_step_319465.pth
Combined stress,generalized_reid_combined_stress_raw,Generalized Swin combined stress (raw),model_epoch_109_step_319465,109,319465,836.9,passed,experiments/reid/generalized_reid_swin/results/generalized_swin/train/model_epoch_109_step_319465.pth
Duke,generalized_reid_duke_raw,Generalized Swin on Duke (raw),model_epoch_119_step_348594,119,348594,836.9,passed,experiments/reid/generalized_reid_swin/results/generalized_swin/train/model_epoch_119_step_348594.pth
LTCC,generalized_reid_ltcc_raw,Generalized Swin on LTCC (raw),model_epoch_119_step_348594,119,348594,836.9,passed,experiments/reid/generalized_reid_swin/results/generalized_swin/train/model_epoch_119_step_348594.pth
PRCC,generalized_reid_prcc_raw,Generalized Swin on PRCC (raw),model_epoch_119_step_348594,119,348594,836.9,passed,experiments/reid/generalized_reid_swin/results/generalized_swin/train/model_epoch_119_step_348594.pth
Combined stress,generalized_reid_combined_stress_raw,Generalized Swin combined stress (raw),model_epoch_119_step_348594,119,348594,836.9,passed,experiments/reid/generalized_reid_swin/results/generalized_swin/train/model_epoch_119_step_348594.pth
LTCC,ltcc_resnet_0.1.3,LTCC ResNet 0.1.3,model_epoch_009_step_02725,9,2725,230.0,passed,experiments/reid/ltcc/results_0.1.3/train/model_epoch_009_step_02725.pth
LTCC,ltcc_resnet_0.1.3,LTCC ResNet 0.1.3,model_epoch_019_step_05426,19,5426,229.9,passed,experiments/reid/ltcc/results_0.1.3/train/model_epoch_019_step_05426.pth
LTCC,ltcc_resnet_0.1.3,LTCC ResNet 0.1.3,model_epoch_029_step_08129,29,8129,230.0,passed,experiments/reid/ltcc/results_0.1.3/train/model_epoch_029_step_08129.pth
LTCC,ltcc_resnet_0.1.3,LTCC ResNet 0.1.3,model_epoch_039_step_10831,39,10831,229.9,passed,experiments/reid/ltcc/results_0.1.3/train/model_epoch_039_step_10831.pth
LTCC,ltcc_resnet_0.1.3,LTCC ResNet 0.1.3,model_epoch_049_step_13553,49,13553,229.9,passed,experiments/reid/ltcc/results_0.1.3/train/model_epoch_049_step_13553.pth
LTCC,ltcc_resnet_0.1.3,LTCC ResNet 0.1.3,model_epoch_059_step_16256,59,16256,229.9,passed,experiments/reid/ltcc/results_0.1.3/train/model_epoch_059_step_16256.pth
LTCC,ltcc_swin_misfiled_0.1.4_epoch0,LTCC Swin misfiled 0.1.4 epoch 0,model_epoch_000_step_00000,0,0,497.8,passed,experiments/reid/ltcc/results_0.1.4/train/model_epoch_000_step_00000.pth
LTCC,ltcc_resnet_0.1.4,LTCC ResNet 0.1.4,model_epoch_009_step_05458,9,5458,229.9,passed,experiments/reid/ltcc/results_0.1.4/train/model_epoch_009_step_05458.pth
LTCC,ltcc_resnet_0.1.4,LTCC ResNet 0.1.4,model_epoch_019_step_10929,19,10929,229.9,passed,experiments/reid/ltcc/results_0.1.4/train/model_epoch_019_step_10929.pth
LTCC,ltcc_resnet_0.1.4,LTCC ResNet 0.1.4,model_epoch_029_step_16399,29,16399,230.0,passed,experiments/reid/ltcc/results_0.1.4/train/model_epoch_029_step_16399.pth
LTCC,ltcc_resnet_0.1.4,LTCC ResNet 0.1.4,model_epoch_039_step_21863,39,21863,229.9,passed,experiments/reid/ltcc/results_0.1.4/train/model_epoch_039_step_21863.pth
LTCC,ltcc_resnet_0.1.4,LTCC ResNet 0.1.4,model_epoch_049_step_27337,49,27337,229.9,passed,experiments/reid/ltcc/results_0.1.4/train/model_epoch_049_step_27337.pth
LTCC,ltcc_resnet_0.1.4,LTCC ResNet 0.1.4,model_epoch_059_step_32791,59,32791,229.9,passed,experiments/reid/ltcc/results_0.1.4/train/model_epoch_059_step_32791.pth
LTCC,ltcc_swin_1.0.1,LTCC Swin 1.0.1,model_epoch_009_step_05451,9,5451,829.2,passed,experiments/reid/ltcc/results_1.0.1/train/model_epoch_009_step_05451.pth
LTCC,ltcc_swin_1.0.1,LTCC Swin 1.0.1,model_epoch_019_step_10945,19,10945,829.2,passed,experiments/reid/ltcc/results_1.0.1/train/model_epoch_019_step_10945.pth
LTCC,ltcc_swin_1.0.1,LTCC Swin 1.0.1,model_epoch_029_step_16429,29,16429,829.2,passed,experiments/reid/ltcc/results_1.0.1/train/model_epoch_029_step_16429.pth
LTCC,ltcc_swin_1.0.1,LTCC Swin 1.0.1,model_epoch_039_step_21917,39,21917,829.2,passed,experiments/reid/ltcc/results_1.0.1/train/model_epoch_039_step_21917.pth
LTCC,ltcc_swin_1.0.1,LTCC Swin 1.0.1,model_epoch_049_step_27391,49,27391,829.2,passed,experiments/reid/ltcc/results_1.0.1/train/model_epoch_049_step_27391.pth
LTCC,ltcc_swin_1.0.1,LTCC Swin 1.0.1,model_epoch_059_step_32862,59,32862,829.2,passed,experiments/reid/ltcc/results_1.0.1/train/model_epoch_059_step_32862.pth
LTCC,ltcc_swin_1.0.1,LTCC Swin 1.0.1,model_epoch_069_step_38346,69,38346,829.2,passed,experiments/reid/ltcc/results_1.0.1/train/model_epoch_069_step_38346.pth
LTCC,ltcc_swin_1.0.1,LTCC Swin 1.0.1,model_epoch_079_step_43832,79,43832,829.2,passed,experiments/reid/ltcc/results_1.0.1/train/model_epoch_079_step_43832.pth
LTCC,ltcc_swin_1.0.1,LTCC Swin 1.0.1,model_epoch_089_step_49312,89,49312,829.2,passed,experiments/reid/ltcc/results_1.0.1/train/model_epoch_089_step_49312.pth
LTCC,ltcc_swin_1.0.1,LTCC Swin 1.0.1,model_epoch_099_step_54790,99,54790,829.2,passed,experiments/reid/ltcc/results_1.0.1/train/model_epoch_099_step_54790.pth
LTCC,ltcc_swin_1.0.1,LTCC Swin 1.0.1,model_epoch_109_step_60244,109,60244,829.2,passed,experiments/reid/ltcc/results_1.0.1/train/model_epoch_109_step_60244.pth
LTCC,ltcc_swin_1.0.1,LTCC Swin 1.0.1,model_epoch_119_step_65706,119,65706,829.2,passed,experiments/reid/ltcc/results_1.0.1/train/model_epoch_119_step_65706.pth
LTCC,ltcc_swin_1.0.1,LTCC Swin 1.0.1,model_epoch_129_step_71182,129,71182,829.2,passed,experiments/reid/ltcc/results_1.0.1/train/model_epoch_129_step_71182.pth
LTCC,ltcc_swin_1.0.1,LTCC Swin 1.0.1,model_epoch_139_step_76660,139,76660,829.2,passed,experiments/reid/ltcc/results_1.0.1/train/model_epoch_139_step_76660.pth
LTCC,ltcc_swin_1.0.1,LTCC Swin 1.0.1,model_epoch_149_step_82107,149,82107,829.2,passed,experiments/reid/ltcc/results_1.0.1/train/model_epoch_149_step_82107.pth
LTCC,ltcc_swin_plain,LTCC Swin plain,model_epoch_004_step_02726,4,2726,829.2,passed,experiments/reid/ltcc/results_swin_plain/train/model_epoch_004_step_02726.pth
LTCC,ltcc_swin_plain,LTCC Swin plain,model_epoch_009_step_05471,9,5471,829.2,passed,experiments/reid/ltcc/results_swin_plain/train/model_epoch_009_step_05471.pth
LTCC,ltcc_swin_plain,LTCC Swin plain,model_epoch_014_step_08207,14,8207,829.2,passed,experiments/reid/ltcc/results_swin_plain/train/model_epoch_014_step_08207.pth
LTCC,ltcc_swin_plain,LTCC Swin plain,model_epoch_019_step_10946,19,10946,829.2,passed,experiments/reid/ltcc/results_swin_plain/train/model_epoch_019_step_10946.pth
LTCC,ltcc_swin_plain,LTCC Swin plain,model_epoch_024_step_13676,24,13676,829.2,passed,experiments/reid/ltcc/results_swin_plain/train/model_epoch_024_step_13676.pth
LTCC,ltcc_swin_plain,LTCC Swin plain,model_epoch_029_step_16414,29,16414,829.2,passed,experiments/reid/ltcc/results_swin_plain/train/model_epoch_029_step_16414.pth
LTCC,ltcc_swin_plain,LTCC Swin plain,model_epoch_034_step_19168,34,19168,829.2,passed,experiments/reid/ltcc/results_swin_plain/train/model_epoch_034_step_19168.pth
LTCC,ltcc_swin_plain,LTCC Swin plain,model_epoch_039_step_21904,39,21904,829.2,passed,experiments/reid/ltcc/results_swin_plain/train/model_epoch_039_step_21904.pth
LTCC,ltcc_swin_plain,LTCC Swin plain,model_epoch_044_step_24628,44,24628,829.2,passed,experiments/reid/ltcc/results_swin_plain/train/model_epoch_044_step_24628.pth
LTCC,ltcc_swin_plain,LTCC Swin plain,model_epoch_049_step_27345,49,27345,829.2,passed,experiments/reid/ltcc/results_swin_plain/train/model_epoch_049_step_27345.pth
LTCC,ltcc_swin_plain,LTCC Swin plain,model_epoch_054_step_30084,54,30084,829.2,passed,experiments/reid/ltcc/results_swin_plain/train/model_epoch_054_step_30084.pth
LTCC,ltcc_swin_plain,LTCC Swin plain,model_epoch_059_step_32828,59,32828,829.2,passed,experiments/reid/ltcc/results_swin_plain/train/model_epoch_059_step_32828.pth
LTCC,ltcc_swin_plain,LTCC Swin plain,model_epoch_064_step_35561,64,35561,829.2,passed,experiments/reid/ltcc/results_swin_plain/train/model_epoch_064_step_35561.pth
LTCC,ltcc_swin_plain,LTCC Swin plain,model_epoch_069_step_38310,69,38310,829.2,passed,experiments/reid/ltcc/results_swin_plain/train/model_epoch_069_step_38310.pth
LTCC,ltcc_swin_plain,LTCC Swin plain,model_epoch_074_step_41047,74,41047,829.2,passed,experiments/reid/ltcc/results_swin_plain/train/model_epoch_074_step_41047.pth
LTCC,ltcc_swin_plain,LTCC Swin plain,model_epoch_079_step_43795,79,43795,829.2,passed,experiments/reid/ltcc/results_swin_plain/train/model_epoch_079_step_43795.pth
LTCC,ltcc_swin_plain,LTCC Swin plain,model_epoch_084_step_46536,84,46536,829.2,passed,experiments/reid/ltcc/results_swin_plain/train/model_epoch_084_step_46536.pth
LTCC,ltcc_swin_plain,LTCC Swin plain,model_epoch_089_step_49273,89,49273,829.2,passed,experiments/reid/ltcc/results_swin_plain/train/model_epoch_089_step_49273.pth
LTCC,ltcc_swin_plain,LTCC Swin plain,model_epoch_094_step_52016,94,52016,829.2,passed,experiments/reid/ltcc/results_swin_plain/train/model_epoch_094_step_52016.pth
LTCC,ltcc_swin_plain,LTCC Swin plain,model_epoch_099_step_54742,99,54742,829.2,passed,experiments/reid/ltcc/results_swin_plain/train/model_epoch_099_step_54742.pth
LTCC,ltcc_swin_plain,LTCC Swin plain,model_epoch_104_step_57474,104,57474,829.2,passed,experiments/reid/ltcc/results_swin_plain/train/model_epoch_104_step_57474.pth
LTCC,ltcc_swin_plain,LTCC Swin plain,model_epoch_109_step_60191,109,60191,829.2,passed,experiments/reid/ltcc/results_swin_plain/train/model_epoch_109_step_60191.pth
LTCC,ltcc_swin_plain,LTCC Swin plain,model_epoch_114_step_62943,114,62943,829.2,passed,experiments/reid/ltcc/results_swin_plain/train/model_epoch_114_step_62943.pth
LTCC,ltcc_swin_plain,LTCC Swin plain,model_epoch_119_step_65692,119,65692,829.2,passed,experiments/reid/ltcc/results_swin_plain/train/model_epoch_119_step_65692.pth
LTCC,ltcc_swin_plain,LTCC Swin plain,model_epoch_124_step_68411,124,68411,829.2,passed,experiments/reid/ltcc/results_swin_plain/train/model_epoch_124_step_68411.pth
LTCC,ltcc_swin_plain,LTCC Swin plain,model_epoch_129_step_71138,129,71138,829.2,passed,experiments/reid/ltcc/results_swin_plain/train/model_epoch_129_step_71138.pth
LTCC,ltcc_swin_plain,LTCC Swin plain,model_epoch_134_step_73874,134,73874,829.2,passed,experiments/reid/ltcc/results_swin_plain/train/model_epoch_134_step_73874.pth
LTCC,ltcc_swin_plain,LTCC Swin plain,model_epoch_139_step_76613,139,76613,829.2,passed,experiments/reid/ltcc/results_swin_plain/train/model_epoch_139_step_76613.pth
LTCC,ltcc_swin_plain,LTCC Swin plain,model_epoch_144_step_79336,144,79336,829.2,passed,experiments/reid/ltcc/results_swin_plain/train/model_epoch_144_step_79336.pth
LTCC,ltcc_swin_plain,LTCC Swin plain,model_epoch_149_step_82067,149,82067,829.2,passed,experiments/reid/ltcc/results_swin_plain/train/model_epoch_149_step_82067.pth
LTCC,ltcc_swin_resume_failed,LTCC Swin resume failed,model_epoch_000_step_00000,0,0,497.4,missing,experiments/reid/ltcc+syntetic/results_0.1.4_syntetic/train/model_epoch_000_step_00000.pth
LTCC,ltcc_resnet_resume_failed,LTCC ResNet resume failed,model_epoch_000_step_00000,0,0,138.0,missing,experiments/reid/ltcc+syntetic/results_0.1.4_syntetic_resnet/train/model_epoch_000_step_00000.pth
LTCC,ltcc_resnet_synthetic_transfer,LTCC synthetic transfer ResNet,model_epoch_004_step_00185,4,185,229.8,passed,experiments/reid/ltcc+syntetic/results_0.1.4_syntetic_resnet_transfer/train/model_epoch_004_step_00185.pth
LTCC,ltcc_resnet_synthetic_transfer,LTCC synthetic transfer ResNet,model_epoch_009_step_00370,9,370,229.8,passed,experiments/reid/ltcc+syntetic/results_0.1.4_syntetic_resnet_transfer/train/model_epoch_009_step_00370.pth
LTCC,ltcc_resnet_synthetic_transfer,LTCC synthetic transfer ResNet,model_epoch_014_step_00555,14,555,229.8,passed,experiments/reid/ltcc+syntetic/results_0.1.4_syntetic_resnet_transfer/train/model_epoch_014_step_00555.pth
LTCC,ltcc_resnet_synthetic_transfer,LTCC synthetic transfer ResNet,model_epoch_019_step_00740,19,740,229.8,passed,experiments/reid/ltcc+syntetic/results_0.1.4_syntetic_resnet_transfer/train/model_epoch_019_step_00740.pth
LTCC,ltcc_swin_unfiltered_synthetic,LTCC + unfiltered synthetic Swin,model_epoch_000_step_00372,0,372,829.2,passed,experiments/reid/ltcc+syntetic/results_swin_combined/train/model_epoch_000_step_00372.pth
LTCC,ltcc_swin_unfiltered_synthetic,LTCC + unfiltered synthetic Swin,model_epoch_004_step_03806,4,3806,829.3,passed,experiments/reid/ltcc+syntetic/results_swin_combined/train/model_epoch_004_step_03806.pth
LTCC,ltcc_swin_unfiltered_synthetic,LTCC + unfiltered synthetic Swin,model_epoch_009_step_07623,9,7623,829.3,passed,experiments/reid/ltcc+syntetic/results_swin_combined/train/model_epoch_009_step_07623.pth
LTCC,ltcc_swin_unfiltered_synthetic,LTCC + unfiltered synthetic Swin,model_epoch_014_step_11343,14,11343,829.2,passed,experiments/reid/ltcc+syntetic/results_swin_combined/train/model_epoch_014_step_11343.pth
LTCC,ltcc_swin_unfiltered_synthetic,LTCC + unfiltered synthetic Swin,model_epoch_019_step_15053,19,15053,829.2,passed,experiments/reid/ltcc+syntetic/results_swin_combined/train/model_epoch_019_step_15053.pth
LTCC,ltcc_swin_unfiltered_synthetic,LTCC + unfiltered synthetic Swin,model_epoch_024_step_18820,24,18820,829.3,passed,experiments/reid/ltcc+syntetic/results_swin_combined/train/model_epoch_024_step_18820.pth
LTCC,ltcc_swin_unfiltered_synthetic,LTCC + unfiltered synthetic Swin,model_epoch_029_step_22557,29,22557,829.2,passed,experiments/reid/ltcc+syntetic/results_swin_combined/train/model_epoch_029_step_22557.pth
LTCC,ltcc_swin_unfiltered_synthetic,LTCC + unfiltered synthetic Swin,model_epoch_034_step_26336,34,26336,829.3,passed,experiments/reid/ltcc+syntetic/results_swin_combined/train/model_epoch_034_step_26336.pth
LTCC,ltcc_swin_unfiltered_synthetic,LTCC + unfiltered synthetic Swin,model_epoch_039_step_30103,39,30103,829.2,passed,experiments/reid/ltcc+syntetic/results_swin_combined/train/model_epoch_039_step_30103.pth
LTCC,ltcc_swin_unfiltered_synthetic,LTCC + unfiltered synthetic Swin,model_epoch_044_step_33848,44,33848,829.2,passed,experiments/reid/ltcc+syntetic/results_swin_combined/train/model_epoch_044_step_33848.pth
LTCC,ltcc_swin_unfiltered_synthetic,LTCC + unfiltered synthetic Swin,model_epoch_049_step_37558,49,37558,829.2,passed,experiments/reid/ltcc+syntetic/results_swin_combined/train/model_epoch_049_step_37558.pth
LTCC,ltcc_swin_unfiltered_synthetic,LTCC + unfiltered synthetic Swin,model_epoch_054_step_41297,54,41297,829.2,passed,experiments/reid/ltcc+syntetic/results_swin_combined/train/model_epoch_054_step_41297.pth
LTCC,ltcc_swin_unfiltered_synthetic,LTCC + unfiltered synthetic Swin,model_epoch_059_step_45062,59,45062,829.2,passed,experiments/reid/ltcc+syntetic/results_swin_combined/train/model_epoch_059_step_45062.pth
LTCC,ltcc_filtered_synthetic_3_variants,LTCC + filtered synthetic Swin,model_epoch_004_step_02319,4,2319,829.6,passed,experiments/reid/ltcc_syntetic_filtered_seq/results/ltcc_filtered_syntetic/train/model_epoch_004_step_02319.pth
LTCC,ltcc_filtered_synthetic_3_variants,LTCC + filtered synthetic Swin,model_epoch_009_step_04640,9,4640,829.6,passed,experiments/reid/ltcc_syntetic_filtered_seq/results/ltcc_filtered_syntetic/train/model_epoch_009_step_04640.pth
LTCC,ltcc_filtered_synthetic_3_variants,LTCC + filtered synthetic Swin,model_epoch_014_step_06957,14,6957,829.6,passed,experiments/reid/ltcc_syntetic_filtered_seq/results/ltcc_filtered_syntetic/train/model_epoch_014_step_06957.pth
LTCC,ltcc_filtered_synthetic_3_variants,LTCC + filtered synthetic Swin,model_epoch_019_step_09273,19,9273,829.6,passed,experiments/reid/ltcc_syntetic_filtered_seq/results/ltcc_filtered_syntetic/train/model_epoch_019_step_09273.pth
LTCC,ltcc_filtered_synthetic_3_variants,LTCC + filtered synthetic Swin,model_epoch_024_step_11586,24,11586,829.6,passed,experiments/reid/ltcc_syntetic_filtered_seq/results/ltcc_filtered_syntetic/train/model_epoch_024_step_11586.pth
LTCC,ltcc_filtered_synthetic_3_variants,LTCC + filtered synthetic Swin,model_epoch_029_step_13913,29,13913,829.6,passed,experiments/reid/ltcc_syntetic_filtered_seq/results/ltcc_filtered_syntetic/train/model_epoch_029_step_13913.pth
LTCC,ltcc_filtered_synthetic_3_variants,LTCC + filtered synthetic Swin,model_epoch_034_step_16224,34,16224,829.6,passed,experiments/reid/ltcc_syntetic_filtered_seq/results/ltcc_filtered_syntetic/train/model_epoch_034_step_16224.pth
LTCC,ltcc_filtered_synthetic_3_variants,LTCC + filtered synthetic Swin,model_epoch_039_step_18560,39,18560,829.6,passed,experiments/reid/ltcc_syntetic_filtered_seq/results/ltcc_filtered_syntetic/train/model_epoch_039_step_18560.pth
LTCC,ltcc_filtered_synthetic_3_variants,LTCC + filtered synthetic Swin,model_epoch_044_step_20872,44,20872,829.6,passed,experiments/reid/ltcc_syntetic_filtered_seq/results/ltcc_filtered_syntetic/train/model_epoch_044_step_20872.pth
LTCC,ltcc_filtered_synthetic_3_variants,LTCC + filtered synthetic Swin,model_epoch_049_step_23182,49,23182,829.6,passed,experiments/reid/ltcc_syntetic_filtered_seq/results/ltcc_filtered_syntetic/train/model_epoch_049_step_23182.pth
LTCC,ltcc_filtered_synthetic_3_variants,LTCC + filtered synthetic Swin,model_epoch_054_step_25510,54,25510,829.6,passed,experiments/reid/ltcc_syntetic_filtered_seq/results/ltcc_filtered_syntetic/train/model_epoch_054_step_25510.pth
LTCC,ltcc_filtered_synthetic_3_variants,LTCC + filtered synthetic Swin,model_epoch_059_step_27831,59,27831,829.6,passed,experiments/reid/ltcc_syntetic_filtered_seq/results/ltcc_filtered_syntetic/train/model_epoch_059_step_27831.pth
LTCC,ltcc_filtered_synthetic_3_variants,LTCC + filtered synthetic Swin,model_epoch_064_step_30149,64,30149,829.6,passed,experiments/reid/ltcc_syntetic_filtered_seq/results/ltcc_filtered_syntetic/train/model_epoch_064_step_30149.pth
LTCC,ltcc_filtered_synthetic_3_variants,LTCC + filtered synthetic Swin,model_epoch_069_step_32460,69,32460,829.6,passed,experiments/reid/ltcc_syntetic_filtered_seq/results/ltcc_filtered_syntetic/train/model_epoch_069_step_32460.pth
LTCC,ltcc_filtered_synthetic_3_variants,LTCC + filtered synthetic Swin,model_epoch_074_step_34775,74,34775,829.6,passed,experiments/reid/ltcc_syntetic_filtered_seq/results/ltcc_filtered_syntetic/train/model_epoch_074_step_34775.pth
LTCC,ltcc_filtered_synthetic_3_variants,LTCC + filtered synthetic Swin,model_epoch_079_step_37090,79,37090,829.6,passed,experiments/reid/ltcc_syntetic_filtered_seq/results/ltcc_filtered_syntetic/train/model_epoch_079_step_37090.pth
LTCC,ltcc_filtered_synthetic_3_variants,LTCC + filtered synthetic Swin,model_epoch_084_step_39405,84,39405,829.6,passed,experiments/reid/ltcc_syntetic_filtered_seq/results/ltcc_filtered_syntetic/train/model_epoch_084_step_39405.pth
LTCC,ltcc_filtered_synthetic_3_variants,LTCC + filtered synthetic Swin,model_epoch_089_step_41729,89,41729,829.6,passed,experiments/reid/ltcc_syntetic_filtered_seq/results/ltcc_filtered_syntetic/train/model_epoch_089_step_41729.pth
LTCC,ltcc_filtered_synthetic_3_variants,LTCC + filtered synthetic Swin,model_epoch_094_step_44044,94,44044,829.6,passed,experiments/reid/ltcc_syntetic_filtered_seq/results/ltcc_filtered_syntetic/train/model_epoch_094_step_44044.pth
LTCC,ltcc_filtered_synthetic_3_variants,LTCC + filtered synthetic Swin,model_epoch_099_step_46361,99,46361,829.6,passed,experiments/reid/ltcc_syntetic_filtered_seq/results/ltcc_filtered_syntetic/train/model_epoch_099_step_46361.pth
LTCC,ltcc_filtered_synthetic_3_variants,LTCC + filtered synthetic Swin,model_epoch_104_step_48676,104,48676,829.5,passed,experiments/reid/ltcc_syntetic_filtered_seq/results/ltcc_filtered_syntetic/train/model_epoch_104_step_48676.pth
LTCC,ltcc_filtered_synthetic_3_variants,LTCC + filtered synthetic Swin,model_epoch_109_step_50996,109,50996,829.6,passed,experiments/reid/ltcc_syntetic_filtered_seq/results/ltcc_filtered_syntetic/train/model_epoch_109_step_50996.pth
LTCC,ltcc_filtered_synthetic_3_variants,LTCC + filtered synthetic Swin,model_epoch_114_step_53313,114,53313,829.6,passed,experiments/reid/ltcc_syntetic_filtered_seq/results/ltcc_filtered_syntetic/train/model_epoch_114_step_53313.pth
LTCC,ltcc_filtered_synthetic_3_variants,LTCC + filtered synthetic Swin,model_epoch_119_step_55633,119,55633,829.6,passed,experiments/reid/ltcc_syntetic_filtered_seq/results/ltcc_filtered_syntetic/train/model_epoch_119_step_55633.pth
LTCC,ltcc_filtered_synthetic_3_variants,LTCC + filtered synthetic Swin,model_epoch_124_step_57949,124,57949,829.5,passed,experiments/reid/ltcc_syntetic_filtered_seq/results/ltcc_filtered_syntetic/train/model_epoch_124_step_57949.pth
LTCC,ltcc_filtered_synthetic_3_variants,LTCC + filtered synthetic Swin,model_epoch_129_step_60271,129,60271,829.5,passed,experiments/reid/ltcc_syntetic_filtered_seq/results/ltcc_filtered_syntetic/train/model_epoch_129_step_60271.pth
LTCC,ltcc_filtered_synthetic_3_variants,LTCC + filtered synthetic Swin,model_epoch_134_step_62591,134,62591,829.6,passed,experiments/reid/ltcc_syntetic_filtered_seq/results/ltcc_filtered_syntetic/train/model_epoch_134_step_62591.pth
LTCC,ltcc_filtered_synthetic_3_variants,LTCC + filtered synthetic Swin,model_epoch_139_step_64896,139,64896,829.6,passed,experiments/reid/ltcc_syntetic_filtered_seq/results/ltcc_filtered_syntetic/train/model_epoch_139_step_64896.pth
LTCC,ltcc_filtered_synthetic_3_variants,LTCC + filtered synthetic Swin,model_epoch_144_step_67216,144,67216,829.6,passed,experiments/reid/ltcc_syntetic_filtered_seq/results/ltcc_filtered_syntetic/train/model_epoch_144_step_67216.pth
LTCC,ltcc_filtered_synthetic_3_variants,LTCC + filtered synthetic Swin,model_epoch_149_step_69529,149,69529,829.6,passed,experiments/reid/ltcc_syntetic_filtered_seq/results/ltcc_filtered_syntetic/train/model_epoch_149_step_69529.pth
LTCC,ltcc_syntetic_10,LTCC + 10% synthetic Swin,model_epoch_004_step_09879,4,9879,829.6,passed,experiments/reid/ltcc_syntetic_sweep/results/ltcc_syntetic_10/train/model_epoch_004_step_09879.pth
LTCC,ltcc_syntetic_10,LTCC + 10% synthetic Swin,model_epoch_009_step_19730,9,19730,829.6,passed,experiments/reid/ltcc_syntetic_sweep/results/ltcc_syntetic_10/train/model_epoch_009_step_19730.pth
LTCC,ltcc_syntetic_10,LTCC + 10% synthetic Swin,model_epoch_014_step_29612,14,29612,829.6,passed,experiments/reid/ltcc_syntetic_sweep/results/ltcc_syntetic_10/train/model_epoch_014_step_29612.pth
LTCC,ltcc_syntetic_10,LTCC + 10% synthetic Swin,model_epoch_019_step_39478,19,39478,829.6,failed,experiments/reid/ltcc_syntetic_sweep/results/ltcc_syntetic_10/train/model_epoch_019_step_39478.pth
LTCC,ltcc_syntetic_10,LTCC + 10% synthetic Swin,model_epoch_024_step_49336,24,49336,829.6,passed,experiments/reid/ltcc_syntetic_sweep/results/ltcc_syntetic_10/train/model_epoch_024_step_49336.pth
LTCC,ltcc_syntetic_10,LTCC + 10% synthetic Swin,model_epoch_029_step_59207,29,59207,829.6,passed,experiments/reid/ltcc_syntetic_sweep/results/ltcc_syntetic_10/train/model_epoch_029_step_59207.pth
LTCC,ltcc_syntetic_10,LTCC + 10% synthetic Swin,model_epoch_034_step_69098,34,69098,829.6,passed,experiments/reid/ltcc_syntetic_sweep/results/ltcc_syntetic_10/train/model_epoch_034_step_69098.pth
LTCC,ltcc_syntetic_10,LTCC + 10% synthetic Swin,model_epoch_039_step_78942,39,78942,829.6,passed,experiments/reid/ltcc_syntetic_sweep/results/ltcc_syntetic_10/train/model_epoch_039_step_78942.pth
LTCC,ltcc_syntetic_10,LTCC + 10% synthetic Swin,model_epoch_044_step_88790,44,88790,829.6,passed,experiments/reid/ltcc_syntetic_sweep/results/ltcc_syntetic_10/train/model_epoch_044_step_88790.pth
LTCC,ltcc_syntetic_10,LTCC + 10% synthetic Swin,model_epoch_049_step_98636,49,98636,829.5,passed,experiments/reid/ltcc_syntetic_sweep/results/ltcc_syntetic_10/train/model_epoch_049_step_98636.pth
LTCC,ltcc_syntetic_10,LTCC + 10% synthetic Swin,model_epoch_054_step_108508,54,108508,829.6,passed,experiments/reid/ltcc_syntetic_sweep/results/ltcc_syntetic_10/train/model_epoch_054_step_108508.pth
LTCC,ltcc_syntetic_10,LTCC + 10% synthetic Swin,model_epoch_059_step_118324,59,118324,829.6,passed,experiments/reid/ltcc_syntetic_sweep/results/ltcc_syntetic_10/train/model_epoch_059_step_118324.pth
LTCC,ltcc_syntetic_10,LTCC + 10% synthetic Swin,model_epoch_064_step_128213,64,128213,829.6,passed,experiments/reid/ltcc_syntetic_sweep/results/ltcc_syntetic_10/train/model_epoch_064_step_128213.pth
LTCC,ltcc_syntetic_10,LTCC + 10% synthetic Swin,model_epoch_069_step_138039,69,138039,829.6,passed,experiments/reid/ltcc_syntetic_sweep/results/ltcc_syntetic_10/train/model_epoch_069_step_138039.pth
LTCC,ltcc_syntetic_10,LTCC + 10% synthetic Swin,model_epoch_074_step_147920,74,147920,829.6,passed,experiments/reid/ltcc_syntetic_sweep/results/ltcc_syntetic_10/train/model_epoch_074_step_147920.pth
LTCC,ltcc_syntetic_10,LTCC + 10% synthetic Swin,model_epoch_079_step_157768,79,157768,829.6,passed,experiments/reid/ltcc_syntetic_sweep/results/ltcc_syntetic_10/train/model_epoch_079_step_157768.pth
LTCC,ltcc_syntetic_10,LTCC + 10% synthetic Swin,model_epoch_084_step_167599,84,167599,829.6,passed,experiments/reid/ltcc_syntetic_sweep/results/ltcc_syntetic_10/train/model_epoch_084_step_167599.pth
LTCC,ltcc_syntetic_10,LTCC + 10% synthetic Swin,model_epoch_089_step_177469,89,177469,829.6,passed,experiments/reid/ltcc_syntetic_sweep/results/ltcc_syntetic_10/train/model_epoch_089_step_177469.pth
LTCC,ltcc_syntetic_10,LTCC + 10% synthetic Swin,model_epoch_094_step_187354,94,187354,829.6,passed,experiments/reid/ltcc_syntetic_sweep/results/ltcc_syntetic_10/train/model_epoch_094_step_187354.pth
LTCC,ltcc_syntetic_10,LTCC + 10% synthetic Swin,model_epoch_099_step_197194,99,197194,829.6,passed,experiments/reid/ltcc_syntetic_sweep/results/ltcc_syntetic_10/train/model_epoch_099_step_197194.pth
LTCC,ltcc_syntetic_10,LTCC + 10% synthetic Swin,model_epoch_104_step_207090,104,207090,829.5,passed,experiments/reid/ltcc_syntetic_sweep/results/ltcc_syntetic_10/train/model_epoch_104_step_207090.pth
LTCC,ltcc_syntetic_10,LTCC + 10% synthetic Swin,model_epoch_109_step_216983,109,216983,829.6,passed,experiments/reid/ltcc_syntetic_sweep/results/ltcc_syntetic_10/train/model_epoch_109_step_216983.pth
LTCC,ltcc_syntetic_10,LTCC + 10% synthetic Swin,model_epoch_114_step_226838,114,226838,829.6,passed,experiments/reid/ltcc_syntetic_sweep/results/ltcc_syntetic_10/train/model_epoch_114_step_226838.pth
LTCC,ltcc_syntetic_10,LTCC + 10% synthetic Swin,model_epoch_119_step_236720,119,236720,829.6,passed,experiments/reid/ltcc_syntetic_sweep/results/ltcc_syntetic_10/train/model_epoch_119_step_236720.pth
LTCC,ltcc_syntetic_10,LTCC + 10% synthetic Swin,model_epoch_124_step_246598,124,246598,829.6,passed,experiments/reid/ltcc_syntetic_sweep/results/ltcc_syntetic_10/train/model_epoch_124_step_246598.pth
LTCC,ltcc_syntetic_10,LTCC + 10% synthetic Swin,model_epoch_129_step_256450,129,256450,829.6,passed,experiments/reid/ltcc_syntetic_sweep/results/ltcc_syntetic_10/train/model_epoch_129_step_256450.pth
LTCC,ltcc_syntetic_10,LTCC + 10% synthetic Swin,model_epoch_134_step_266302,134,266302,829.6,passed,experiments/reid/ltcc_syntetic_sweep/results/ltcc_syntetic_10/train/model_epoch_134_step_266302.pth
LTCC,ltcc_syntetic_10,LTCC + 10% synthetic Swin,model_epoch_139_step_276159,139,276159,829.6,passed,experiments/reid/ltcc_syntetic_sweep/results/ltcc_syntetic_10/train/model_epoch_139_step_276159.pth
LTCC,ltcc_syntetic_10,LTCC + 10% synthetic Swin,model_epoch_144_step_286037,144,286037,829.6,passed,experiments/reid/ltcc_syntetic_sweep/results/ltcc_syntetic_10/train/model_epoch_144_step_286037.pth
LTCC,ltcc_syntetic_10,LTCC + 10% synthetic Swin,model_epoch_149_step_295897,149,295897,829.6,passed,experiments/reid/ltcc_syntetic_sweep/results/ltcc_syntetic_10/train/model_epoch_149_step_295897.pth
LTCC,ltcc_sweep_smoke,LTCC percentage sweep smoke,model_epoch_001_step_02621,1,2621,829.6,passed,experiments/reid/ltcc_syntetic_sweep/results/ltcc_syntetic_10_smoke_20260522_1845/train/model_epoch_001_step_02621.pth
LTCC,ltcc_syntetic_25,LTCC + 25% synthetic Swin,model_epoch_004_step_20234,4,20234,829.6,passed,experiments/reid/ltcc_syntetic_sweep/results/ltcc_syntetic_25/train/model_epoch_004_step_20234.pth
LTCC,ltcc_syntetic_25,LTCC + 25% synthetic Swin,model_epoch_009_step_40440,9,40440,829.5,passed,experiments/reid/ltcc_syntetic_sweep/results/ltcc_syntetic_25/train/model_epoch_009_step_40440.pth
LTCC,ltcc_syntetic_50,LTCC + 50% synthetic Swin,model_epoch_004_step_37518,4,37518,829.6,passed,experiments/reid/ltcc_syntetic_sweep/results/ltcc_syntetic_50/train/model_epoch_004_step_37518.pth
LTCC,ltcc_syntetic_50,LTCC + 50% synthetic Swin,model_epoch_009_step_74889,9,74889,829.6,passed,experiments/reid/ltcc_syntetic_sweep/results/ltcc_syntetic_50/train/model_epoch_009_step_74889.pth
LTCC,ltcc_syntetic_50,LTCC + 50% synthetic Swin,model_epoch_014_step_112349,14,112349,829.6,passed,experiments/reid/ltcc_syntetic_sweep/results/ltcc_syntetic_50/train/model_epoch_014_step_112349.pth
LTCC,ltcc_syntetic_50,LTCC + 50% synthetic Swin,model_epoch_019_step_149773,19,149773,829.6,passed,experiments/reid/ltcc_syntetic_sweep/results/ltcc_syntetic_50/train/model_epoch_019_step_149773.pth
LTCC,ltcc_syntetic_50,LTCC + 50% synthetic Swin,model_epoch_024_step_187175,24,187175,829.6,passed,experiments/reid/ltcc_syntetic_sweep/results/ltcc_syntetic_50/train/model_epoch_024_step_187175.pth
LTCC,ltcc_syntetic_50,LTCC + 50% synthetic Swin,model_epoch_029_step_224523,29,224523,829.6,passed,experiments/reid/ltcc_syntetic_sweep/results/ltcc_syntetic_50/train/model_epoch_029_step_224523.pth
LTCC,ltcc_syntetic_50,LTCC + 50% synthetic Swin,model_epoch_034_step_262083,34,262083,829.5,passed,experiments/reid/ltcc_syntetic_sweep/results/ltcc_syntetic_50/train/model_epoch_034_step_262083.pth
LTCC,ltcc_syntetic_50,LTCC + 50% synthetic Swin,model_epoch_039_step_299555,39,299555,829.6,passed,experiments/reid/ltcc_syntetic_sweep/results/ltcc_syntetic_50/train/model_epoch_039_step_299555.pth
LTCC,ltcc_syntetic_50,LTCC + 50% synthetic Swin,model_epoch_044_step_336978,44,336978,829.6,passed,experiments/reid/ltcc_syntetic_sweep/results/ltcc_syntetic_50/train/model_epoch_044_step_336978.pth
LTCC,ltcc_syntetic_50,LTCC + 50% synthetic Swin,model_epoch_049_step_374323,49,374323,829.6,passed,experiments/reid/ltcc_syntetic_sweep/results/ltcc_syntetic_50/train/model_epoch_049_step_374323.pth
LTCC,ltcc_syntetic_50,LTCC + 50% synthetic Swin,model_epoch_054_step_411865,54,411865,829.6,passed,experiments/reid/ltcc_syntetic_sweep/results/ltcc_syntetic_50/train/model_epoch_054_step_411865.pth
LTCC,ltcc_syntetic_50,LTCC + 50% synthetic Swin,model_epoch_059_step_449245,59,449245,829.6,passed,experiments/reid/ltcc_syntetic_sweep/results/ltcc_syntetic_50/train/model_epoch_059_step_449245.pth
LTCC,ltcc_syntetic_50,LTCC + 50% synthetic Swin,model_epoch_064_step_486751,64,486751,829.6,passed,experiments/reid/ltcc_syntetic_sweep/results/ltcc_syntetic_50/train/model_epoch_064_step_486751.pth
LTCC,ltcc_syntetic_50,LTCC + 50% synthetic Swin,model_epoch_069_step_524265,69,524265,829.6,passed,experiments/reid/ltcc_syntetic_sweep/results/ltcc_syntetic_50/train/model_epoch_069_step_524265.pth
LTCC,ltcc_syntetic_50,LTCC + 50% synthetic Swin,model_epoch_074_step_561684,74,561684,829.6,passed,experiments/reid/ltcc_syntetic_sweep/results/ltcc_syntetic_50/train/model_epoch_074_step_561684.pth
LTCC,ltcc_syntetic_50,LTCC + 50% synthetic Swin,model_epoch_079_step_599146,79,599146,829.6,passed,experiments/reid/ltcc_syntetic_sweep/results/ltcc_syntetic_50/train/model_epoch_079_step_599146.pth
LTCC,ltcc_syntetic_50,LTCC + 50% synthetic Swin,model_epoch_084_step_636649,84,636649,829.6,passed,experiments/reid/ltcc_syntetic_sweep/results/ltcc_syntetic_50/train/model_epoch_084_step_636649.pth
LTCC,ltcc_syntetic_50,LTCC + 50% synthetic Swin,model_epoch_089_step_673942,89,673942,829.6,passed,experiments/reid/ltcc_syntetic_sweep/results/ltcc_syntetic_50/train/model_epoch_089_step_673942.pth
LTCC,ltcc_syntetic_50,LTCC + 50% synthetic Swin,model_epoch_094_step_711395,94,711395,829.6,passed,experiments/reid/ltcc_syntetic_sweep/results/ltcc_syntetic_50/train/model_epoch_094_step_711395.pth
LTCC,ltcc_syntetic_50,LTCC + 50% synthetic Swin,model_epoch_099_step_748797,99,748797,829.6,passed,experiments/reid/ltcc_syntetic_sweep/results/ltcc_syntetic_50/train/model_epoch_099_step_748797.pth
LTCC,syntetic_only_100,Synthetic-only Swin evaluated on LTCC,model_epoch_004_step_22005,4,22005,828.8,passed,experiments/reid/ltcc_syntetic_sweep/results/syntetic_only_100_bs48_gpu0_detached/train/model_epoch_004_step_22005.pth
LTCC,syntetic_only_100,Synthetic-only Swin evaluated on LTCC,model_epoch_009_step_44054,9,44054,828.8,passed,experiments/reid/ltcc_syntetic_sweep/results/syntetic_only_100_bs48_gpu0_detached/train/model_epoch_009_step_44054.pth
LTCC,syntetic_only_100,Synthetic-only Swin evaluated on LTCC,model_epoch_014_step_66096,14,66096,828.8,passed,experiments/reid/ltcc_syntetic_sweep/results/syntetic_only_100_bs48_gpu0_detached/train/model_epoch_014_step_66096.pth
PRCC,prcc_resnet_0.0.1,PRCC ResNet 0.0.1,model_epoch_009_step_14179,9,14179,230.1,passed,experiments/reid/prcc/results_0.0.1/train/model_epoch_009_step_14179.pth
PRCC,prcc_resnet_0.0.1,PRCC ResNet 0.0.1,model_epoch_019_step_28379,19,28379,230.1,passed,experiments/reid/prcc/results_0.0.1/train/model_epoch_019_step_28379.pth
PRCC,prcc_resnet_0.0.1,PRCC ResNet 0.0.1,model_epoch_029_step_42546,29,42546,230.1,passed,experiments/reid/prcc/results_0.0.1/train/model_epoch_029_step_42546.pth
PRCC,prcc_resnet_0.0.1,PRCC ResNet 0.0.1,model_epoch_039_step_56739,39,56739,230.1,passed,experiments/reid/prcc/results_0.0.1/train/model_epoch_039_step_56739.pth
PRCC,prcc_resnet_0.0.1,PRCC ResNet 0.0.1,model_epoch_049_step_70907,49,70907,230.1,passed,experiments/reid/prcc/results_0.0.1/train/model_epoch_049_step_70907.pth
PRCC,prcc_resnet_0.0.1,PRCC ResNet 0.0.1,model_epoch_059_step_85107,59,85107,230.1,passed,experiments/reid/prcc/results_0.0.1/train/model_epoch_059_step_85107.pth
PRCC,prcc_filtered_syntetic_swin,PRCC + filtered synthetic Swin,model_epoch_009_step_05879,9,5879,830.3,passed,experiments/reid/prcc_syntetic_filtered_seq/results/prcc_filtered_syntetic_swin/train/model_epoch_009_step_05879.pth
PRCC,prcc_filtered_syntetic_swin,PRCC + filtered synthetic Swin,model_epoch_019_step_11750,19,11750,830.2,passed,experiments/reid/prcc_syntetic_filtered_seq/results/prcc_filtered_syntetic_swin/train/model_epoch_019_step_11750.pth
PRCC,prcc_filtered_syntetic_swin,PRCC + filtered synthetic Swin,model_epoch_029_step_17622,29,17622,830.3,passed,experiments/reid/prcc_syntetic_filtered_seq/results/prcc_filtered_syntetic_swin/train/model_epoch_029_step_17622.pth
PRCC,prcc_filtered_syntetic_swin,PRCC + filtered synthetic Swin,model_epoch_039_step_23497,39,23497,830.2,passed,experiments/reid/prcc_syntetic_filtered_seq/results/prcc_filtered_syntetic_swin/train/model_epoch_039_step_23497.pth
PRCC,prcc_filtered_syntetic_swin,PRCC + filtered synthetic Swin,model_epoch_049_step_29370,49,29370,830.3,passed,experiments/reid/prcc_syntetic_filtered_seq/results/prcc_filtered_syntetic_swin/train/model_epoch_049_step_29370.pth
PRCC,prcc_filtered_syntetic_swin,PRCC + filtered synthetic Swin,model_epoch_059_step_35244,59,35244,830.3,passed,experiments/reid/prcc_syntetic_filtered_seq/results/prcc_filtered_syntetic_swin/train/model_epoch_059_step_35244.pth
PRCC,prcc_filtered_syntetic_swin,PRCC + filtered synthetic Swin,model_epoch_069_step_41121,69,41121,830.3,passed,experiments/reid/prcc_syntetic_filtered_seq/results/prcc_filtered_syntetic_swin/train/model_epoch_069_step_41121.pth
PRCC,prcc_filtered_syntetic_swin,PRCC + filtered synthetic Swin,model_epoch_079_step_46998,79,46998,830.3,passed,experiments/reid/prcc_syntetic_filtered_seq/results/prcc_filtered_syntetic_swin/train/model_epoch_079_step_46998.pth
PRCC,prcc_filtered_syntetic_swin,PRCC + filtered synthetic Swin,model_epoch_089_step_52875,89,52875,830.3,passed,experiments/reid/prcc_syntetic_filtered_seq/results/prcc_filtered_syntetic_swin/train/model_epoch_089_step_52875.pth
PRCC,prcc_filtered_syntetic_swin,PRCC + filtered synthetic Swin,model_epoch_099_step_58750,99,58750,830.2,passed,experiments/reid/prcc_syntetic_filtered_seq/results/prcc_filtered_syntetic_swin/train/model_epoch_099_step_58750.pth
PRCC,prcc_filtered_syntetic_swin,PRCC + filtered synthetic Swin,model_epoch_109_step_64626,109,64626,830.2,passed,experiments/reid/prcc_syntetic_filtered_seq/results/prcc_filtered_syntetic_swin/train/model_epoch_109_step_64626.pth
PRCC,prcc_filtered_syntetic_swin,PRCC + filtered synthetic Swin,model_epoch_119_step_70499,119,70499,830.2,passed,experiments/reid/prcc_syntetic_filtered_seq/results/prcc_filtered_syntetic_swin/train/model_epoch_119_step_70499.pth
PRCC,prcc_plain_swin,PRCC plain Swin,model_epoch_009_step_04675,9,4675,829.9,passed,experiments/reid/prcc_syntetic_filtered_seq/results/prcc_plain_swin/train/model_epoch_009_step_04675.pth
PRCC,prcc_plain_swin,PRCC plain Swin,model_epoch_019_step_09349,19,9349,829.9,passed,experiments/reid/prcc_syntetic_filtered_seq/results/prcc_plain_swin/train/model_epoch_019_step_09349.pth
PRCC,prcc_plain_swin,PRCC plain Swin,model_epoch_029_step_14023,29,14023,829.9,passed,experiments/reid/prcc_syntetic_filtered_seq/results/prcc_plain_swin/train/model_epoch_029_step_14023.pth
PRCC,prcc_plain_swin,PRCC plain Swin,model_epoch_039_step_18698,39,18698,829.9,passed,experiments/reid/prcc_syntetic_filtered_seq/results/prcc_plain_swin/train/model_epoch_039_step_18698.pth
PRCC,prcc_plain_swin,PRCC plain Swin,model_epoch_049_step_23371,49,23371,829.9,passed,experiments/reid/prcc_syntetic_filtered_seq/results/prcc_plain_swin/train/model_epoch_049_step_23371.pth
PRCC,prcc_plain_swin,PRCC plain Swin,model_epoch_059_step_28045,59,28045,829.9,passed,experiments/reid/prcc_syntetic_filtered_seq/results/prcc_plain_swin/train/model_epoch_059_step_28045.pth
PRCC,prcc_plain_swin,PRCC plain Swin,model_epoch_069_step_32723,69,32723,829.9,passed,experiments/reid/prcc_syntetic_filtered_seq/results/prcc_plain_swin/train/model_epoch_069_step_32723.pth
PRCC,prcc_plain_swin,PRCC plain Swin,model_epoch_079_step_37401,79,37401,829.9,passed,experiments/reid/prcc_syntetic_filtered_seq/results/prcc_plain_swin/train/model_epoch_079_step_37401.pth
PRCC,prcc_plain_swin,PRCC plain Swin,model_epoch_089_step_42071,89,42071,829.9,passed,experiments/reid/prcc_syntetic_filtered_seq/results/prcc_plain_swin/train/model_epoch_089_step_42071.pth
PRCC,prcc_plain_swin,PRCC plain Swin,model_epoch_099_step_46746,99,46746,829.9,passed,experiments/reid/prcc_syntetic_filtered_seq/results/prcc_plain_swin/train/model_epoch_099_step_46746.pth
PRCC,prcc_plain_swin,PRCC plain Swin,model_epoch_109_step_51415,109,51415,829.9,passed,experiments/reid/prcc_syntetic_filtered_seq/results/prcc_plain_swin/train/model_epoch_109_step_51415.pth
PRCC,prcc_plain_swin,PRCC plain Swin,model_epoch_119_step_56093,119,56093,829.9,passed,experiments/reid/prcc_syntetic_filtered_seq/results/prcc_plain_swin/train/model_epoch_119_step_56093.pth
Duke,syntetic_only_filtered_100k_duke_raw,Synthetic-only filtered 100k on Duke (raw),model_epoch_009_step_18171,9,18171,828.8,passed,experiments/reid/syntetic_only_filtered_100k/results/syntetic_only_filtered_100k/train/model_epoch_009_step_18171.pth
LTCC,syntetic_only_filtered_100k_ltcc_raw,Synthetic-only filtered 100k on LTCC (raw),model_epoch_009_step_18171,9,18171,828.8,passed,experiments/reid/syntetic_only_filtered_100k/results/syntetic_only_filtered_100k/train/model_epoch_009_step_18171.pth
PRCC,syntetic_only_filtered_100k_prcc_raw,Synthetic-only filtered 100k on PRCC (raw),model_epoch_009_step_18171,9,18171,828.8,passed,experiments/reid/syntetic_only_filtered_100k/results/syntetic_only_filtered_100k/train/model_epoch_009_step_18171.pth
Duke,syntetic_only_filtered_100k_duke_raw,Synthetic-only filtered 100k on Duke (raw),model_epoch_019_step_36353,19,36353,828.8,passed,experiments/reid/syntetic_only_filtered_100k/results/syntetic_only_filtered_100k/train/model_epoch_019_step_36353.pth
LTCC,syntetic_only_filtered_100k_ltcc_raw,Synthetic-only filtered 100k on LTCC (raw),model_epoch_019_step_36353,19,36353,828.8,passed,experiments/reid/syntetic_only_filtered_100k/results/syntetic_only_filtered_100k/train/model_epoch_019_step_36353.pth
PRCC,syntetic_only_filtered_100k_prcc_raw,Synthetic-only filtered 100k on PRCC (raw),model_epoch_019_step_36353,19,36353,828.8,passed,experiments/reid/syntetic_only_filtered_100k/results/syntetic_only_filtered_100k/train/model_epoch_019_step_36353.pth
Duke,syntetic_only_filtered_100k_duke_raw,Synthetic-only filtered 100k on Duke (raw),model_epoch_029_step_54551,29,54551,828.8,passed,experiments/reid/syntetic_only_filtered_100k/results/syntetic_only_filtered_100k/train/model_epoch_029_step_54551.pth
LTCC,syntetic_only_filtered_100k_ltcc_raw,Synthetic-only filtered 100k on LTCC (raw),model_epoch_029_step_54551,29,54551,828.8,passed,experiments/reid/syntetic_only_filtered_100k/results/syntetic_only_filtered_100k/train/model_epoch_029_step_54551.pth
PRCC,syntetic_only_filtered_100k_prcc_raw,Synthetic-only filtered 100k on PRCC (raw),model_epoch_029_step_54551,29,54551,828.8,passed,experiments/reid/syntetic_only_filtered_100k/results/syntetic_only_filtered_100k/train/model_epoch_029_step_54551.pth
Duke,syntetic_only_filtered_100k_duke_raw,Synthetic-only filtered 100k on Duke (raw),model_epoch_039_step_72675,39,72675,828.8,passed,experiments/reid/syntetic_only_filtered_100k/results/syntetic_only_filtered_100k/train/model_epoch_039_step_72675.pth
LTCC,syntetic_only_filtered_100k_ltcc_raw,Synthetic-only filtered 100k on LTCC (raw),model_epoch_039_step_72675,39,72675,828.8,passed,experiments/reid/syntetic_only_filtered_100k/results/syntetic_only_filtered_100k/train/model_epoch_039_step_72675.pth
PRCC,syntetic_only_filtered_100k_prcc_raw,Synthetic-only filtered 100k on PRCC (raw),model_epoch_039_step_72675,39,72675,828.8,passed,experiments/reid/syntetic_only_filtered_100k/results/syntetic_only_filtered_100k/train/model_epoch_039_step_72675.pth
Duke,syntetic_only_filtered_100k_duke_raw,Synthetic-only filtered 100k on Duke (raw),model_epoch_049_step_90868,49,90868,828.8,passed,experiments/reid/syntetic_only_filtered_100k/results/syntetic_only_filtered_100k/train/model_epoch_049_step_90868.pth
LTCC,syntetic_only_filtered_100k_ltcc_raw,Synthetic-only filtered 100k on LTCC (raw),model_epoch_049_step_90868,49,90868,828.8,passed,experiments/reid/syntetic_only_filtered_100k/results/syntetic_only_filtered_100k/train/model_epoch_049_step_90868.pth
PRCC,syntetic_only_filtered_100k_prcc_raw,Synthetic-only filtered 100k on PRCC (raw),model_epoch_049_step_90868,49,90868,828.8,passed,experiments/reid/syntetic_only_filtered_100k/results/syntetic_only_filtered_100k/train/model_epoch_049_step_90868.pth
Duke,syntetic_only_filtered_100k_duke_raw,Synthetic-only filtered 100k on Duke (raw),model_epoch_059_step_109028,59,109028,828.8,passed,experiments/reid/syntetic_only_filtered_100k/results/syntetic_only_filtered_100k/train/model_epoch_059_step_109028.pth
LTCC,syntetic_only_filtered_100k_ltcc_raw,Synthetic-only filtered 100k on LTCC (raw),model_epoch_059_step_109028,59,109028,828.8,passed,experiments/reid/syntetic_only_filtered_100k/results/syntetic_only_filtered_100k/train/model_epoch_059_step_109028.pth
PRCC,syntetic_only_filtered_100k_prcc_raw,Synthetic-only filtered 100k on PRCC (raw),model_epoch_059_step_109028,59,109028,828.8,passed,experiments/reid/syntetic_only_filtered_100k/results/syntetic_only_filtered_100k/train/model_epoch_059_step_109028.pth
Duke,syntetic_only_filtered_100k_duke_raw,Synthetic-only filtered 100k on Duke (raw),model_epoch_069_step_127099,69,127099,828.8,passed,experiments/reid/syntetic_only_filtered_100k/results/syntetic_only_filtered_100k/train/model_epoch_069_step_127099.pth
LTCC,syntetic_only_filtered_100k_ltcc_raw,Synthetic-only filtered 100k on LTCC (raw),model_epoch_069_step_127099,69,127099,828.8,passed,experiments/reid/syntetic_only_filtered_100k/results/syntetic_only_filtered_100k/train/model_epoch_069_step_127099.pth
PRCC,syntetic_only_filtered_100k_prcc_raw,Synthetic-only filtered 100k on PRCC (raw),model_epoch_069_step_127099,69,127099,828.8,passed,experiments/reid/syntetic_only_filtered_100k/results/syntetic_only_filtered_100k/train/model_epoch_069_step_127099.pth
Duke,syntetic_only_filtered_100k_duke_raw,Synthetic-only filtered 100k on Duke (raw),model_epoch_079_step_145286,79,145286,828.8,passed,experiments/reid/syntetic_only_filtered_100k/results/syntetic_only_filtered_100k/train/model_epoch_079_step_145286.pth
LTCC,syntetic_only_filtered_100k_ltcc_raw,Synthetic-only filtered 100k on LTCC (raw),model_epoch_079_step_145286,79,145286,828.8,passed,experiments/reid/syntetic_only_filtered_100k/results/syntetic_only_filtered_100k/train/model_epoch_079_step_145286.pth
PRCC,syntetic_only_filtered_100k_prcc_raw,Synthetic-only filtered 100k on PRCC (raw),model_epoch_079_step_145286,79,145286,828.8,passed,experiments/reid/syntetic_only_filtered_100k/results/syntetic_only_filtered_100k/train/model_epoch_079_step_145286.pth
Duke,syntetic_only_filtered_100k_duke_raw,Synthetic-only filtered 100k on Duke (raw),model_epoch_089_step_163504,89,163504,828.8,passed,experiments/reid/syntetic_only_filtered_100k/results/syntetic_only_filtered_100k/train/model_epoch_089_step_163504.pth
LTCC,syntetic_only_filtered_100k_ltcc_raw,Synthetic-only filtered 100k on LTCC (raw),model_epoch_089_step_163504,89,163504,828.8,passed,experiments/reid/syntetic_only_filtered_100k/results/syntetic_only_filtered_100k/train/model_epoch_089_step_163504.pth
PRCC,syntetic_only_filtered_100k_prcc_raw,Synthetic-only filtered 100k on PRCC (raw),model_epoch_089_step_163504,89,163504,828.8,passed,experiments/reid/syntetic_only_filtered_100k/results/syntetic_only_filtered_100k/train/model_epoch_089_step_163504.pth
Duke,syntetic_only_filtered_100k_duke_raw,Synthetic-only filtered 100k on Duke (raw),model_epoch_099_step_181644,99,181644,828.8,passed,experiments/reid/syntetic_only_filtered_100k/results/syntetic_only_filtered_100k/train/model_epoch_099_step_181644.pth
LTCC,syntetic_only_filtered_100k_ltcc_raw,Synthetic-only filtered 100k on LTCC (raw),model_epoch_099_step_181644,99,181644,828.8,passed,experiments/reid/syntetic_only_filtered_100k/results/syntetic_only_filtered_100k/train/model_epoch_099_step_181644.pth
PRCC,syntetic_only_filtered_100k_prcc_raw,Synthetic-only filtered 100k on PRCC (raw),model_epoch_099_step_181644,99,181644,828.8,passed,experiments/reid/syntetic_only_filtered_100k/results/syntetic_only_filtered_100k/train/model_epoch_099_step_181644.pth
Duke,syntetic_only_filtered_100k_duke_raw,Synthetic-only filtered 100k on Duke (raw),model_epoch_109_step_199817,109,199817,828.8,passed,experiments/reid/syntetic_only_filtered_100k/results/syntetic_only_filtered_100k/train/model_epoch_109_step_199817.pth
LTCC,syntetic_only_filtered_100k_ltcc_raw,Synthetic-only filtered 100k on LTCC (raw),model_epoch_109_step_199817,109,199817,828.8,passed,experiments/reid/syntetic_only_filtered_100k/results/syntetic_only_filtered_100k/train/model_epoch_109_step_199817.pth
PRCC,syntetic_only_filtered_100k_prcc_raw,Synthetic-only filtered 100k on PRCC (raw),model_epoch_109_step_199817,109,199817,828.8,passed,experiments/reid/syntetic_only_filtered_100k/results/syntetic_only_filtered_100k/train/model_epoch_109_step_199817.pth
Duke,syntetic_only_filtered_100k_duke_raw,Synthetic-only filtered 100k on Duke (raw),model_epoch_119_step_217996,119,217996,828.8,passed,experiments/reid/syntetic_only_filtered_100k/results/syntetic_only_filtered_100k/train/model_epoch_119_step_217996.pth
LTCC,syntetic_only_filtered_100k_ltcc_raw,Synthetic-only filtered 100k on LTCC (raw),model_epoch_119_step_217996,119,217996,828.8,passed,experiments/reid/syntetic_only_filtered_100k/results/syntetic_only_filtered_100k/train/model_epoch_119_step_217996.pth
PRCC,syntetic_only_filtered_100k_prcc_raw,Synthetic-only filtered 100k on PRCC (raw),model_epoch_119_step_217996,119,217996,828.8,passed,experiments/reid/syntetic_only_filtered_100k/results/syntetic_only_filtered_100k/train/model_epoch_119_step_217996.pth
Duke,syntetic_only_filtered_30k_duke_raw,Synthetic-only filtered 30k on Duke (raw),model_epoch_009_step_05501,9,5501,828.8,passed,experiments/reid/syntetic_only_filtered_30k/results/syntetic_only_filtered_30k/train/model_epoch_009_step_05501.pth
LTCC,syntetic_only_filtered_30k_ltcc_raw,Synthetic-only filtered 30k on LTCC (raw),model_epoch_009_step_05501,9,5501,828.8,passed,experiments/reid/syntetic_only_filtered_30k/results/syntetic_only_filtered_30k/train/model_epoch_009_step_05501.pth
PRCC,syntetic_only_filtered_30k_prcc_raw,Synthetic-only filtered 30k on PRCC (raw),model_epoch_009_step_05501,9,5501,828.8,passed,experiments/reid/syntetic_only_filtered_30k/results/syntetic_only_filtered_30k/train/model_epoch_009_step_05501.pth
Duke,syntetic_only_filtered_30k_duke_raw,Synthetic-only filtered 30k on Duke (raw),model_epoch_019_step_11006,19,11006,828.8,passed,experiments/reid/syntetic_only_filtered_30k/results/syntetic_only_filtered_30k/train/model_epoch_019_step_11006.pth
LTCC,syntetic_only_filtered_30k_ltcc_raw,Synthetic-only filtered 30k on LTCC (raw),model_epoch_019_step_11006,19,11006,828.8,passed,experiments/reid/syntetic_only_filtered_30k/results/syntetic_only_filtered_30k/train/model_epoch_019_step_11006.pth
PRCC,syntetic_only_filtered_30k_prcc_raw,Synthetic-only filtered 30k on PRCC (raw),model_epoch_019_step_11006,19,11006,828.8,passed,experiments/reid/syntetic_only_filtered_30k/results/syntetic_only_filtered_30k/train/model_epoch_019_step_11006.pth
Duke,syntetic_only_filtered_30k_duke_raw,Synthetic-only filtered 30k on Duke (raw),model_epoch_029_step_16495,29,16495,828.8,passed,experiments/reid/syntetic_only_filtered_30k/results/syntetic_only_filtered_30k/train/model_epoch_029_step_16495.pth
LTCC,syntetic_only_filtered_30k_ltcc_raw,Synthetic-only filtered 30k on LTCC (raw),model_epoch_029_step_16495,29,16495,828.8,passed,experiments/reid/syntetic_only_filtered_30k/results/syntetic_only_filtered_30k/train/model_epoch_029_step_16495.pth
PRCC,syntetic_only_filtered_30k_prcc_raw,Synthetic-only filtered 30k on PRCC (raw),model_epoch_029_step_16495,29,16495,828.8,passed,experiments/reid/syntetic_only_filtered_30k/results/syntetic_only_filtered_30k/train/model_epoch_029_step_16495.pth
Duke,syntetic_only_filtered_30k_duke_raw,Synthetic-only filtered 30k on Duke (raw),model_epoch_039_step_21976,39,21976,828.8,passed,experiments/reid/syntetic_only_filtered_30k/results/syntetic_only_filtered_30k/train/model_epoch_039_step_21976.pth
LTCC,syntetic_only_filtered_30k_ltcc_raw,Synthetic-only filtered 30k on LTCC (raw),model_epoch_039_step_21976,39,21976,828.8,passed,experiments/reid/syntetic_only_filtered_30k/results/syntetic_only_filtered_30k/train/model_epoch_039_step_21976.pth
PRCC,syntetic_only_filtered_30k_prcc_raw,Synthetic-only filtered 30k on PRCC (raw),model_epoch_039_step_21976,39,21976,828.8,passed,experiments/reid/syntetic_only_filtered_30k/results/syntetic_only_filtered_30k/train/model_epoch_039_step_21976.pth
Duke,syntetic_only_filtered_30k_duke_raw,Synthetic-only filtered 30k on Duke (raw),model_epoch_049_step_27414,49,27414,828.8,passed,experiments/reid/syntetic_only_filtered_30k/results/syntetic_only_filtered_30k/train/model_epoch_049_step_27414.pth
LTCC,syntetic_only_filtered_30k_ltcc_raw,Synthetic-only filtered 30k on LTCC (raw),model_epoch_049_step_27414,49,27414,828.8,passed,experiments/reid/syntetic_only_filtered_30k/results/syntetic_only_filtered_30k/train/model_epoch_049_step_27414.pth
PRCC,syntetic_only_filtered_30k_prcc_raw,Synthetic-only filtered 30k on PRCC (raw),model_epoch_049_step_27414,49,27414,828.8,passed,experiments/reid/syntetic_only_filtered_30k/results/syntetic_only_filtered_30k/train/model_epoch_049_step_27414.pth
Duke,syntetic_only_filtered_30k_duke_raw,Synthetic-only filtered 30k on Duke (raw),model_epoch_059_step_32887,59,32887,828.8,passed,experiments/reid/syntetic_only_filtered_30k/results/syntetic_only_filtered_30k/train/model_epoch_059_step_32887.pth
LTCC,syntetic_only_filtered_30k_ltcc_raw,Synthetic-only filtered 30k on LTCC (raw),model_epoch_059_step_32887,59,32887,828.8,passed,experiments/reid/syntetic_only_filtered_30k/results/syntetic_only_filtered_30k/train/model_epoch_059_step_32887.pth
PRCC,syntetic_only_filtered_30k_prcc_raw,Synthetic-only filtered 30k on PRCC (raw),model_epoch_059_step_32887,59,32887,828.8,passed,experiments/reid/syntetic_only_filtered_30k/results/syntetic_only_filtered_30k/train/model_epoch_059_step_32887.pth
Duke,syntetic_only_filtered_30k_duke_raw,Synthetic-only filtered 30k on Duke (raw),model_epoch_069_step_38378,69,38378,828.8,passed,experiments/reid/syntetic_only_filtered_30k/results/syntetic_only_filtered_30k/train/model_epoch_069_step_38378.pth
LTCC,syntetic_only_filtered_30k_ltcc_raw,Synthetic-only filtered 30k on LTCC (raw),model_epoch_069_step_38378,69,38378,828.8,passed,experiments/reid/syntetic_only_filtered_30k/results/syntetic_only_filtered_30k/train/model_epoch_069_step_38378.pth
PRCC,syntetic_only_filtered_30k_prcc_raw,Synthetic-only filtered 30k on PRCC (raw),model_epoch_069_step_38378,69,38378,828.8,passed,experiments/reid/syntetic_only_filtered_30k/results/syntetic_only_filtered_30k/train/model_epoch_069_step_38378.pth
Duke,syntetic_only_filtered_30k_duke_raw,Synthetic-only filtered 30k on Duke (raw),model_epoch_079_step_43857,79,43857,828.8,passed,experiments/reid/syntetic_only_filtered_30k/results/syntetic_only_filtered_30k/train/model_epoch_079_step_43857.pth
LTCC,syntetic_only_filtered_30k_ltcc_raw,Synthetic-only filtered 30k on LTCC (raw),model_epoch_079_step_43857,79,43857,828.8,passed,experiments/reid/syntetic_only_filtered_30k/results/syntetic_only_filtered_30k/train/model_epoch_079_step_43857.pth
PRCC,syntetic_only_filtered_30k_prcc_raw,Synthetic-only filtered 30k on PRCC (raw),model_epoch_079_step_43857,79,43857,828.8,passed,experiments/reid/syntetic_only_filtered_30k/results/syntetic_only_filtered_30k/train/model_epoch_079_step_43857.pth
Duke,syntetic_only_filtered_30k_duke_raw,Synthetic-only filtered 30k on Duke (raw),model_epoch_089_step_49333,89,49333,828.8,passed,experiments/reid/syntetic_only_filtered_30k/results/syntetic_only_filtered_30k/train/model_epoch_089_step_49333.pth
LTCC,syntetic_only_filtered_30k_ltcc_raw,Synthetic-only filtered 30k on LTCC (raw),model_epoch_089_step_49333,89,49333,828.8,passed,experiments/reid/syntetic_only_filtered_30k/results/syntetic_only_filtered_30k/train/model_epoch_089_step_49333.pth
PRCC,syntetic_only_filtered_30k_prcc_raw,Synthetic-only filtered 30k on PRCC (raw),model_epoch_089_step_49333,89,49333,828.8,passed,experiments/reid/syntetic_only_filtered_30k/results/syntetic_only_filtered_30k/train/model_epoch_089_step_49333.pth
Duke,syntetic_only_filtered_30k_duke_raw,Synthetic-only filtered 30k on Duke (raw),model_epoch_099_step_54772,99,54772,828.8,passed,experiments/reid/syntetic_only_filtered_30k/results/syntetic_only_filtered_30k/train/model_epoch_099_step_54772.pth
LTCC,syntetic_only_filtered_30k_ltcc_raw,Synthetic-only filtered 30k on LTCC (raw),model_epoch_099_step_54772,99,54772,828.8,passed,experiments/reid/syntetic_only_filtered_30k/results/syntetic_only_filtered_30k/train/model_epoch_099_step_54772.pth
PRCC,syntetic_only_filtered_30k_prcc_raw,Synthetic-only filtered 30k on PRCC (raw),model_epoch_099_step_54772,99,54772,828.8,passed,experiments/reid/syntetic_only_filtered_30k/results/syntetic_only_filtered_30k/train/model_epoch_099_step_54772.pth
Duke,syntetic_only_filtered_30k_duke_raw,Synthetic-only filtered 30k on Duke (raw),model_epoch_109_step_60250,109,60250,828.8,passed,experiments/reid/syntetic_only_filtered_30k/results/syntetic_only_filtered_30k/train/model_epoch_109_step_60250.pth
LTCC,syntetic_only_filtered_30k_ltcc_raw,Synthetic-only filtered 30k on LTCC (raw),model_epoch_109_step_60250,109,60250,828.8,passed,experiments/reid/syntetic_only_filtered_30k/results/syntetic_only_filtered_30k/train/model_epoch_109_step_60250.pth
PRCC,syntetic_only_filtered_30k_prcc_raw,Synthetic-only filtered 30k on PRCC (raw),model_epoch_109_step_60250,109,60250,828.8,passed,experiments/reid/syntetic_only_filtered_30k/results/syntetic_only_filtered_30k/train/model_epoch_109_step_60250.pth
Duke,syntetic_only_filtered_30k_duke_raw,Synthetic-only filtered 30k on Duke (raw),model_epoch_119_step_65750,119,65750,828.8,passed,experiments/reid/syntetic_only_filtered_30k/results/syntetic_only_filtered_30k/train/model_epoch_119_step_65750.pth
LTCC,syntetic_only_filtered_30k_ltcc_raw,Synthetic-only filtered 30k on LTCC (raw),model_epoch_119_step_65750,119,65750,828.8,passed,experiments/reid/syntetic_only_filtered_30k/results/syntetic_only_filtered_30k/train/model_epoch_119_step_65750.pth
PRCC,syntetic_only_filtered_30k_prcc_raw,Synthetic-only filtered 30k on PRCC (raw),model_epoch_119_step_65750,119,65750,828.8,passed,experiments/reid/syntetic_only_filtered_30k/results/syntetic_only_filtered_30k/train/model_epoch_119_step_65750.pth
ULIRI,uliri_resnet_0.0.1,ULIRI ResNet 0.0.1,model_epoch_009_step_29380,9,29380,230.0,passed,experiments/reid/uliri/results_0.0.1/train/model_epoch_009_step_29380.pth
ULIRI,uliri_resnet_0.0.1,ULIRI ResNet 0.0.1,model_epoch_012_step_37754,12,37754,230.0,passed,experiments/reid/uliri/results_0.0.1/train/model_epoch_012_step_37754.pth
ULIRI,uliri_resnet_0.0.1_current_split_epoch13,ULIRI ResNet 0.0.1 epoch 13 on current split,model_epoch_013_step_38333,13,38333,230.0,passed,experiments/reid/uliri/results_0.0.1/train/model_epoch_013_step_38333.pth
ULIRI,uliri_resnet_0.0.2,ULIRI ResNet 0.0.2,model_epoch_009_step_25519,9,25519,230.0,passed,experiments/reid/uliri/results_0.0.2/train/model_epoch_009_step_25519.pth
